{
  "name": "QNEthernet",
  "description": "An lwIP-based Ethernet library for Teensy 4.1. This mostly follows the Arduino-defined Ethernet API, but is more full-featured. Additional features include: a more robust and complete API, an mDNS resolver, and raw frame support.",
  "keywords": "ethernet, lwip",
  "authors": [
    {
      "name": "Shawn Silverman",
      "email": "shawn@pobox.com",
      "maintainer": true
    }
  ],
  "repository": {
    "type": "git",
    "url": "https://github.com/ssilverman/QNEthernet"
  },
  "version": "0.17.0",
  "license": "MIT",
  "homepage": "https://github.com/ssilverman/QNEthernet",
  "frameworks": "arduino",
  "platforms": "teensy"
}
